id,smiles,notes,params_json
202591,C1C(C2(C(C(OC(C2O1)N3C=NC4=CN=C(N=C43)N)C(C(=O)O)NC(=O)C(CCCN(C(=N)N)O)N)O)O)O,,
202726,COC1=C(C=C(C=C1)C=NC2=CC=C(C=C2)C(=O)O)OC,,
202774,COC1=CC=CC=C1NC2=CC=CC=C2C(=O)O,,
202819,C1CC(CCC1CO)C(=O)O,,
202918,COC1=CC=C(C=C1)NC2=CC=CC=C2C(=O)O,,
202954,C1=CC2=C(C=CC(=C2C(=C1)C(=O)O)C(=O)O)Cl,,
203275,CCCCCCCCCCCCCCCC1=CC(=CC=C1)OCC(=O)O,,
203427,CCCCCCCCCCCCCCCCCC(=O)N[C@@H](CC(C)C)C(=O)O,,
203507,CCC(C1CCCCC1)C(=O)OCCN(CC)CC.C(C(=O)O)C(CC(=O)O)(C(=O)O)O,,
204055,CCCC1=C(C=CC2=C1OC(CC2)C(=O)O)OCCCOC3=C(C(=C(C=C3)C4=CSC=N4)OC)CC5CC5,,
204058,CCCC1=C(C=CC2=C1O[C@@H](CC2)CCC(=O)O)OCCCOC3=C(C(=C(C=C3)C(=O)NC)OC)CC4CC4,,
204106,C1=CC=C(C=C1)C(C2=CC=CC=C2)N3C4=C(C=C(C=C4)Cl)C(=C3CCNS(=O)(=O)CC5=CC(=C(C=C5)Cl)Cl)CCOC6=CC=C(C=C6)C(=O)O,,
204107,CC(C)(C)C1=CC(=C(C=C1)OC)CN[C@@H]2[C@@H](N3CCC2CC3)C(C4=CC=CC=C4)C5=CC=CC=C5.C(C(=O)O)C(CC(=O)O)(C(=O)O)O.O,,
204395,CC1=NC(=CN1CC(=O)O)[N+](=O)[O-],,
204478,CC(C)(CCCCC(C)(C)C(=O)O)C(=O)O,,
205058,C1=CC2=C(C=C1Cl)C(=CS2)CC(=O)O,,
205059,C1=CC2=C(C=C1Br)C(=CS2)CC(=O)O,,
205081,CC(C)(C)C1=CC=C(C=C1)NC2=CC=CC=C2C(=O)O,,
205082,C1=CC=C(C(=C1)C(=O)O)NC2=CC=C(C=C2)C(=O)O,,
205111,CC(C)(C(=O)O)OC1=CC=CC=C1Cl,,
205112,C1CCC(CC1)(C(=O)O)OC2=CC=C(C=C2)Cl,,
205327,CCCCNC1=CC=CC=C1C(=O)O,,
205448,C1=CC=C(C=C1)C(=O)N[C@@H](CC(=O)O)C(=O)O,,
205954,C1C(C(C(CC1(C(=O)O)OC(=O)C=CC2=CC(=C(C=C2)O)O)OC(=O)C=CC3=CC(=C(C=C3)O)O)O)O,,
206031,C[C@H](C[C@@H]([C@H](CC(C)C)NC(=O)[C@H](CC(=O)N)NC(=O)[C@H](C(C)C)NC(=O)[C@H](CC(=O)O)N)O)C(=O)N[C@@H](C)C(=O)N[C@@H](CC(=O)O)C(=O)N[C@@H](CC1=CC=CC=C1)C(=O)O,,
206042,CC1=C(NC(=C1CCC(=O)O)C)C=C2C3=CC=CC=C3NC2=O,,
206044,CC1=C(N=C(O1)C2=CC=CC=C2)CCOC3=CC=C(C=C3)CN(CC(=O)O)C(=O)OC4=CC=C(C=C4)OC,,
206186,CC1C(OC(C(C1OC)C)(C)O)C2CCC(O2)C3CCC(O3)C4(C(C(C5(O4)C(C(CC(O5)CC6C(C(C(C(O6)(C(C)C(=O)O)O)C)OC7CCC(C(O7)C)OC)(C)OC)OC)C)C)OC)C,,
206430,C1=CC=C2C(=C1)C(=NN2CC3=CC=C(C=C3)F)C(=O)O,,
206957,C1CN=C(NC1C(=O)O)N,,
207306,C([C@@H](C(=O)O)N)[Se][Se]C[C@@H](C(=O)O)N,,
207478,C1=CC=C2C(=C1)C(=O)C3=C(O2)C=CC(=C3)CC(=O)O,,
207650,C1C(CN(C1=O)CCC2=CC=CC=C2)C(=O)O,,
207755,CCC1=NC=C(S1)C(=O)O,,
208171,B(C1=CC(=CC=C1)NC(=O)CCC(=O)O)(O)O,,
208415,CC1CCCC2=NC=C(C(=O)N12)C(=O)O,,
208416,CC1=CC=CC2=NC=C(C(=O)N12)C(=O)O,,
208775,C1=CC=C(C=C1)C2=NC3=C(C=C(C=C3)Br)C(=C2)C(=O)O,,
208879,C(CC(=O)O)CC(=O)[O-].[NH4+],,
208901,CCO[C@@H](CC1=CC=C(C=C1)OCCC2=CC=C(C=C2)OS(=O)(=O)C)C(=O)O,,
208925,CCCCCC[C@@H](CCC)C(=O)O,,
209069,CC1=CC(=CS1)C(=O)O,,
209756,CC(C)N(C(C)C)C(=O)C1=CC=CC=C1C(=O)O,,
209805,CC1=C(SC=N1)C(=O)O,,
210320,CC(=O)N[C@@H](CC(=O)N[C@@H](CCC(=O)O)C(=O)O)C(=O)O,,
210329,C(CC(=O)O)CN.Cl,,
210648,C1=CC(=CC=C1N=NC2=CC(=C(C=C2)O)C(=O)O)Br,,
210852,CC(C1=C(C(=C(C=C1I)I)N)I)C(=O)O,,
211035,CC(C)(CCCCCCC(C)(C)C(=O)O)C(=O)O,,
211037,CC(C)(CCCCCCCCC(C)(C)C(=O)O)C(=O)O,,
211820,CC1=CC(=C(C(=C1)C)NC2=CC=CC=C2C(=O)O)C,,
211972,CCC(C)N(CC(C1=CC=CN1CC2=CC=CC=C2Cl)O)C(C)CC.C1=CC(=CC=C1C(=O)O)O,,
212101,C1=CC=C(C(=C1)C(=O)O)NC2=CC(=CC(=C2)C(F)(F)F)C(F)(F)F,,
212526,COC1=CC2=C(C=C1)C(=O)CC2CC(=O)O,,
212527,CCCCCC1=CN=C(C=C1)C(=O)O,,
212529,CCCCCCCC1=CN=C(C=C1)C(=O)O,,
212838,CCCC(CCC)CC(=O)O,,
212845,CC1=CC(=CC=C1)OC(C)C(=O)O,,
212851,C1C(C2=CC=CC=C2C1=O)CC(=O)O,,
213012,C1=C(C(=C(N=C1Cl)C(=O)O)Cl)N,,
213056,C1C[C@]([C@H]2[C@@H]1[C@@H]2C(=O)O)(C(=O)O)N,,
213146,C1=CC(=C(C=C1Cl)NC(=O)CCC(=O)O)Cl,,
213240,CC(C)(C(=O)O)S(=O)(=O)C,,
213321,CC1=C(C=C(C=C1)C(=O)O)N2C(=CC=C2C3=CC=CC=C3)C,,
213323,CC1=CC=C(N1C2=C(C=CC(=C2)C(=O)O)Cl)C,,
213328,CC1=CC=C(N1C2=CC=CC=C2C(=O)O)C3=CC=CC=C3,,
213329,CC1=CC=C(N1C2=CC=CC(=C2)C(=O)O)C,,
213330,CC1=CC=C(N1C2=CC=CC(=C2)C(=O)O)C3=CC=CC=C3,,
213331,CC1=CC=C(N1C2=CC=C(C=C2)C(=O)O)C3=CC=CC=C3,,
213487,CCCCCCCCC1=CN=C(C=C1)C(=O)O,,
213514,CC(C1=CC(=C(C=C1)N2CCCCC2)Cl)C(=O)O,,
213515,CC(C1=CC=C(C=C1)N2CCCCC2)C(=O)O,,
213542,C=CC(=O)O.C1=CC(=O)OC1=O,,
213713,COC1=C(C=C(C=C1)CC(=O)C2=CC(=C(C=C2CC(=O)O)OC)OC)OC,,
214105,CN(C1=CC=CC(=C1)C(F)(F)F)C2=CC=CC=C2C(=O)O,,
214348,C1=CC=C(C(=C1)C2=NN(C(=N2)C3=CC=CC=C3O)C4=CC=C(C=C4)C(=O)O)O,,
214596,C1=CC=C(C=C1)CNC2=C(C=CC=N2)C(=O)O,,
214799,CC1=C(SC(=N1)C)CC(=O)O,,
214800,CC1=NC(=C(S1)CC(=O)O)C2=CC=CC=C2,,
214802,C1=CC=NC(=C1)C2=NC(=CS2)CC(=O)O,,
214841,CC1=C(SC(=N1)C2=CC=CC=N2)C(=O)O,,
214902,CN(CC1=CN=C2C(=N1)C(=CC(=N2)N)N)C3=CC=C(C=C3)C(=O)N[C@@H](CCC(=O)O)C(=O)O,,
215106,CC1(CC(C1)C(=O)O)C,,
215202,CC1=CSC(=N1)C2=CC(=CC=C2)C(=O)O,,
215424,C1=CC(=C(C=C1C(=O)O)I)I,,
215605,CC(=O)C1=COC2=C1C=C(C=C2)OCC(=O)O,,
215655,CC(C)(C(=O)O)SCC1=CC=CC=C1,,
215891,C1=CC(=CC(=C1)OC2=C(C=CC=N2)C(=O)O)C(F)(F)F,,
215892,C1=CC(=C(N=C1)OC2=C(C=C(C=C2)Cl)Cl)C(=O)O,,
216210,CN1C2=C(C=C(C=C2)C(=O)N(CCC(=O)O)C3=CC=CC=N3)N=C1CNC4=CC=C(C=C4)C(=N)N,,
216230,C1C[C@H](CN(C1)C(=O)CCC2CCNCC2)C(=O)N[C@@H](CC(=O)O)C3=CN=CC=C3,,
216240,C=C1C[C@H]([C@H](C1)N)C(=O)O,,
216241,COCCOCOC1=C(C=C2C=C(C=CC2=C1)C3=CC=C(C=C3)C(=O)O)C45CC6CC(C4)CC(C6)C5,,
216293,CCCC1=NC2=C(N1CC3=CC=C(C=C3)C4=CC=CC=C4C(=O)O)C=C(C=C2C)C5=NC6=CC=CC=C6N5C.C1NC2=CC(=C(C=C2S(=O)(=O)N1)S(=O)(=O)N)Cl,,
216325,CC(C)(C)C1=CC(=CC(=C1O)C(C)(C)C)SC(C)(C)SC2=CC(=C(C(=C2)C(C)(C)C)OC(=O)CCC(=O)O)C(C)(C)C,,
216457,C1CN2CCC1[C@H](C2)OC(=O)N3CCC4=CC=CC=C4[C@@H]3C5=CC=CC=C5.C(CC(=O)O)C(=O)O,,
216466,CCCN1C2=C(C(=O)N(C1=O)CCC)NC(=N2)C34CCC(CC3)(CC4)CCC(=O)O,,
216480,C1=C(NC(=O)N1C2C(C(C(O2)C(C(=O)O)NC(=O)C(C(C(COC(=O)N)O)O)N)O)O)C=O,,
216641,CC(=O)N(CCC[C@@H](C(=O)O)N)O,,
216876,CC1=C(C(=O)N(N1C)C2=CC=CC=C2)NC(=O)CCC(=O)O,,
217338,C1C[C@H](N(C1)C(=O)N)C(=O)O,,
217396,CC(C)CC1CCC(CC1)C(=O)O,,
217399,CCCCCCCCC1CCC(CC1)C(=O)O,,
217657,CC(C(=O)O)N1C(=O)CSC1=S,,
217663,CCCC1=CN=C(C=C1)C(=O)O,,
217785,C1C(CN(C1=O)C2=CC=C(C=C2)Cl)C(=O)O,,
218281,CN1CCC2=C(C1)C3=C(N2)C=CC(=C3)C(=O)O.Cl,,
218304,CC(C1=CC2=CC=CC=C2C3=CC=CC=C31)C(=O)O,,
218727,C1=CC=C(C=C1)C(=O)C2=CC=CC=C2NC(=O)CCC(=O)O,,
219042,C[C@@H](C(=O)N[C@@H](CCC(=O)O)C(=O)N[C@@H](CC(=O)O)C(=O)NCC(=O)O)N,,
219085,CCOC1=CC=C(C=C1)C[C@@H](CN(CCN(CC(=O)O)CC(=O)O)CC(=O)O)N(CC(=O)O)CC(=O)O,,
219121,C[C@]12CCC(=O)C=C1CC[C@@H]3[C@@H]2[C@H](C[C@]4([C@H]3CC[C@@]4(C(=O)COC(=O)CCC(=O)O)O)C)O.O,,
219213,CC(C)(CCC(=O)O)CCC(=O)O,,
219214,C1=CC(=CC=C1CC(=O)O)SSC2=CC=C(C=C2)CC(=O)O,,
219221,C(CCCC(C(=O)O)N)CCC(C(=O)O)N,,
219301,C1=CC=C2C(=C1)C3=CC=CC=C3N2CCC(=O)O,,
219302,C1COCCC1C(=O)O,,
219315,CCCCCCCCC(C)(C)C(=O)O,,
219352,C1=CC=C(C=C1)COC(=O)NC(CCC(=O)O)C(=O)O,,
219380,CC1=CC(=C(C(=C1C(=O)O)C)Br)C,,
219389,CC1CCC(=CC1)C(=O)O,,
219390,COC1=C(C=C(C=C1)C(=O)CCC(=O)O)OC,,
219463,C[C@@]1(CC[C@H](C1(C)C)C(=O)O)C(=O)O,,
219491,C1=C(C=C(C(=C1C(=O)O)N)Br)Br,,
219526,CCC(CC)(CC)C(=O)O,,
219564,C1=CC=C(C=C1)C(C2=C(C3=C(C=CC=N3)C=C2)O)NC4=CC=C(C=C4)C(=O)O,,
219633,C1=CC(=C(C(=C1)[N+](=O)[O-])N)C(=O)O,,
219640,C1CCC(CC1)(C(=O)O)O,,
219688,C1=CC=C(C=C1)C2=CC=CC=C2OCC(=O)O,,
219704,CC(CC(C1=CC=CC=C1)(C2=CC=CC=C2)C(=O)O)N(C)C,,
219739,C1=NNC(=C1[N+](=O)[O-])C(=O)O,,
219945,CC1C=C(CC(C1C(=O)O)C(=O)O)C,,
219989,C1=C(C=NC(=C1Cl)C(=O)O)Cl,,
220004,C1=CC=C2C=C(C=CC2=C1)C(=O)CCC(=O)O,,
220005,C1=CC(=CC=C1CC(=O)O)C(=O)O,,
220013,C1CCC(CC1)CCCCCC(=O)O,,
220046,CC1=CC(=C(C(=C1)OCC(=O)O)C)C,,
220047,C1=CC(=CC=C1C(=O)C2=CC=C(C=C2)C(=O)O)C(=O)C3=CC=C(C=C3)C(=O)O,,
220095,CC1=CC(=C(C=C1)C)C(=O)CCC(=O)O,,
220107,C1=CC=C2C(=C1)C(=O)C3=C(C2=O)C(=CC=C3)C(=O)O,,
220116,CC1=CC(=C(C=C1)C(C)C)OCC(=O)O,,
220324,CC(=O)C1=CC(=CC=C1)C(=O)O,,
220329,CSC1=CC=CC(=C1)C(=O)O,,
220338,C[C@]1(CC[C@H]2C(=C1)CC[C@@H]3[C@@]2(CCC[C@@]3(C)C(=O)O)C)C=C,,
220339,CCC1(CCC2C(=C1)CCC3C2(CCCC3(C)C(=O)O)C)C,,
220357,CC12CCCC(C1CCC3=C2C=C(C=C3)O)(C)C(=O)O,,
220370,CC1CCCC(C1)(CC(=O)O)CC(=O)O,,
220380,CS(=O)(=O)C1=CC=CC(=C1)C(=O)O,,
220395,C1=CC=C2C=C(C=CC2=C1)CCCC(=O)O,,
220535,C1=CC=C(C=C1)C2=C(C(=C(O2)C3=CC=CC=C3)C(=O)O)C(=O)O,,
220662,C1=CC=C(C=C1)S(=O)(=O)NCC(=O)O,,
220726,C1CCC2=C(C1)C=CC(=C2)CC3=CC=CC=C3C(=O)O,,
220774,CC1CCC2(CCC3(C(=CCC4C3(CCC5C4(CCC(C5(C)C)O)C)C)C2C1C)C)C(=O)O,,
220783,CC(C)CCC(C(=O)O)N,,
220785,C1=CC2=C(C(=C1)OCC(=O)O)N=CC=C2,,
220818,C1=CC=C(C(=C1)C2=C3C=CC(=O)C(=C3OC4=C2C=CC(=C4I)O)I)C(=O)O,,
220875,C1=CC=C2C(=C1)C(=O)C(=CN2)C(=O)O,,
220966,C1=CC(=C(C(=C1)[N+](=O)[O-])I)C(=O)O,,
220989,CC1=CC=C(C=C1)CC2=CC=CC=C2C(=O)O,,
220990,COC1=CC=C(C=C1)CC2=CC=CC=C2C(=O)O,,
221007,C1=CC=C(C=C1)C2=NC(=C(N2)C(=O)O)C(=O)O,,
221062,CC(C)C1=CC[C@H]2C(=C1)CC[C@@H]3[C@@]2(CCC[C@@]3(C)C(=O)O)C,,
221116,C1=CC=C(C(=C1)C(=O)C2=CC=C(C=C2)C(=O)O)C(=O)O,,
221118,CC(=C1CC[C@H]2C(=C1)CC[C@@H]3[C@@]2(CCC[C@@]3(C)C(=O)O)C)C,,
221125,C1CN2CC3=CCOC(C4C3CC2C15C4NC6=C(C(=O)C(=O)C=C56)[N+](=O)[O-])CC(=O)O,,
221278,CC1CC=CCC1C(=O)O,,
221373,CCCCCCCCCCCCCC1C(C(=C)C(=O)O1)C(=O)O,,
221391,CC(CCC(C)C(=O)O)C(=O)O,,
221428,C1=CC=C(C=C1)CSCCC(=O)O,,
221484,C1=C(C=C(C=C1[N+](=O)[O-])Cl)C(=O)O,,
221493,C[C@H](CCC(=O)O)[C@H]1CC[C@@H]2[C@@]1([C@H](C[C@H]3[C@H]2[C@@H](C[C@H]4[C@@]3(CC[C@H](C4)O)C)O)O)C,,
221503,COC1=CC(=C(C=C1)Cl)C(=O)O,,
221513,C1=CC(=C(C=C1[N+](=O)[O-])[N+](=O)[O-])CC(=O)O,,
221580,C[C@@]1(CC[C@H]2C(=C1)CC[C@@H]3[C@@]2(CCC[C@@]3(C)C(=O)O)C)C=C,,
221611,COC1=CC(=CC(=C1OC)OC)C(=O)NCC(=O)O,,
221873,C1=CC=C(C(=C1)C(=O)NC2=CC(=CC=C2)Cl)C(=O)O,,
222020,C1=CC(=CC=C1C(=O)O)NS(=O)(=O)C(F)(F)F,,
222169,C1=CC=C(C=C1)NC2=C(C=CC3=C2C(=O)C4=CC=CC=C4C3=O)C(=O)O,,
222178,C(CCC[C@H]([C@H](CCCCCCO)O)O)CCCC(=O)O,,
222268,CCC(C)(C)C1=CC=C(C=C1)OC2=CC=CC(=C2)C(=O)O,,
222467,C(CC(=O)O)C(CC(=O)O)C(=O)O,,
222492,C1=CC=C(C=C1)SCCC(=O)O,,
222518,CCCCCCCC(CCCCCCC)C(=O)O,,
222528,C[C@H](CCC(=O)O)[C@H]1CC[C@@H]2[C@@]1([C@H](C[C@H]3[C@H]2CC[C@H]4[C@@]3(CC[C@H](C4)O)C)O)C,,
222621,CCC(C(=O)O)NN,,
222656,C([C@@H](C(=O)O)O)C(=O)O,,
222687,C1=CC=C(C=C1)C=NNC2=CC=CC=C2C(=O)O,,
222696,C(C1=NC(=NN1)N)O.C(C(=O)O)O,,
222701,C1=CN=C(C=C1C(=O)O)Br,,
222878,C(CC(=O)O)C(=O)NN,,
222905,C(CNCCO)C(=O)O,,
222963,COC1=C(C=C(C(=C1)C(=O)O)Br)OC,,
223069,C1=CC(=C(C=C1F)Cl)OCC(=O)O,,
223070,C1=CC(=C(C=C1OCC(=O)O)Cl)F,,
223072,C1=CC(=C(C=C1F)F)OCC(=O)O,,
223073,C1=CC=C(C(=C1)OCC(=O)O)F,,
223130,CC(CCC(=O)O)N,,
223277,CC1=C(NC(=C1C(=O)C)C)C(=O)O,,
223279,CCOC(=O)C1=C(C(=C(N1)C)C(=O)O)C,,
223348,CC(=O)OC1=CC(=C(C=C1)C(=O)O)OC(=O)C,,
223378,C1=CC(=CC(=C1)[N+](=O)[O-])C(CC(=O)O)Br,,
223382,C1=CC(=CC=C1NC(=O)CCC(=O)O)Cl,,
223386,C1=CC=C(C=C1)NC(=O)CCCC(=O)O,,
223595,C1=CC=C(C=C1)C(=O)CCCCC(=O)O,,
223763,C(CN1C(=O)NC(=O)N(C1=O)CCC(=O)O)C(=O)O,,
223918,C1=CC=C(C=C1)C2=CC=C(C=C2)C=C(C(=O)O)C(=O)O,,
224162,C1(=C(C(=C(C(=C1Br)Br)C(=O)O)Br)Br)C(=O)O,,
224163,C1C2CC3C1C(C2C(=O)O)C(=O)O3,,
224167,C1=CC(=CC=C1C(=O)O)S(=O)(=O)C2=CC=C(C=C2)C(=O)O,,
224264,C1=CC(=CC=C1NCC(=O)O)[As](=O)(O)O,,
224366,C1CCC(C1)C(C(=O)O)N,,
224379,C1=CC=C(C=C1)C(CC(=O)O)SC2=CC=CC=C2,,
224389,C(CC(=O)O)C(CC(=O)O)N,,
224391,C1CCC(CC1)C(C(=O)O)N,,
224404,C1CCC(CC1)CCCC(C(=O)O)N,,
224406,COC1=C2C(=O)C=C(NC2=C(C=C1)OC)C(=O)O,,
224561,C1=CC=C2C(=C1)N=C(S2)SCCC(=O)O,,
224665,C1=CC=C(C(=C1)C(=O)O)NC(=O)CSC(=O)N,,
224672,C1=CC2=C(C=CN=C2C=C1Cl)SCC(=O)O,,
224709,CCOC(=O)C1=C(NC(=C1C)C(=O)O)C,,
224849,C1C(C2C3=CC=CC=C3C1C4=CC=CC=C24)C(=O)O,,
224895,C1=CC(=C(C=C1[Sb](=O)(O)O)[N+](=O)[O-])C(=O)O,,
224899,C1=CC(=CC(=C1)[Sb](=O)(O)O)C(=O)O,,
225102,C1=CC2=C(C=C1Cl)NC(=N2)SCC(=O)O,,
225173,C1=CC=C(C=C1)CNCCC(=O)O,,
225215,CC(=O)OC(C1=CC=CC=C1)C(=O)O,,
225378,C1COCCN1C(=O)CCC(=O)O,,
225394,C1=CC=C(C(=C1)C(=O)C2=C(C=C(C=C2)O)O)C(=O)O,,
225434,C1=CC=C(C=C1)CN2C(=C(N=N2)C(=O)O)N,,
225438,C1=C(SC(=C1C(=O)O)Cl)Cl,,
225439,C1=CC(=C(C=C1CC(C(=O)O)N)Cl)Cl,,
225446,C1=CC(=CC=C1C(=O)O)NC(=O)CCl,,
225483,C1=CC(=CC=C1C(=O)O)NCC(=O)O,,
225521,C1=C(C(=C(C(=N1)C(=O)O)Cl)Cl)Cl,,
225680,CC(=O)OC1=C(C=C(C=C1OC)C(=O)O)OC,,
225705,C1=CC=C(C(=C1)C(=O)C2=CC(=C(C=C2)O)[N+](=O)[O-])C(=O)O,,
225710,CSCC(C(=O)O)N,,
225772,CS(=O)(=O)NC1=CC=CC(=C1)C(=O)O,,
225786,C1=CC=C(C(=C1)C(=O)O)[As](=O)(O)O,,
225902,CC(CC(=O)C)C(=O)O,,
225906,C1=CC2=C(C(=C1)[N+](=O)[O-])NC=C(C2=O)C(=O)O,,
225922,C1CC2=C(C3=CC=CC=C3N=C2C1)C(=O)O,,
225935,C(CO)NCC(=O)O,,
225946,CSCCC(C(=O)O)N1C(=O)C2=CC=CC=C2C1=O,,
226027,C1=CC(=NC(=C1)F)C(=O)O,,
226044,CCC1=C(C(=CC=C1)C(=O)O)N,,
226105,C1=CC=C2C(=C1)C3=C4C(=C(C=C3)S(=O)CC(=O)O)C=CC=C4C2=O,,
226113,CC(C)C(C)CC(=O)O,,
226122,CC(C)(C1=CC=C(C=C1)C(=O)O)O,,
226136,C1=CC=C(C=C1)C2=CC=C(C=C2)C(=O)C(=O)O,,
226199,C1=CC=C(C=C1)C2=CC=C(N2)C(=O)O,,
226266,CC1=CC=C(C=C1)S(=O)(=O)OCC(=O)O,,
226292,CC1=CC(=C(C=C1)C(=O)O)Br,,
226294,C1=CC=C(C(=C1)CCC(=O)O)C(=O)O,,
226295,CCOC(=O)C(=C(C1=CC=CC=C1)C2=CC=CC=C2)CC(=O)O,,
226335,COC1=C(C=CC(=C1)C(=O)O)OCC2=CC=CC=C2,,
226392,CC(C1CC(C1(C)C)CC(=O)O)O,,
226484,CC(=O)OC1=C(C=C(C=C1)CC(=O)O)OC,,
226682,CC(C)C(C(=O)O)NC(=O)C1=CC=CC=C1,,
227166,C(CCN(CC(=O)O)CC(=O)O)CN(CC(=O)O)CC(=O)O,,
227176,C1=C(N=C(S1)N)CCC(=O)O,,
227256,C=CCC(C1=CC=CC=C1)(C2=CC=CC=C2)C(=O)O,,
227277,CC(C)C1CCC2C(=C1)CCC3C2(CCCC3(C)C(=O)O)C,,
227303,C1=CC=C(C=C1)CS(=O)(=O)NCC(=O)O,,
227361,C1CC2=C(C1)C=C(C=C2)CC(=O)O,,
227401,C1CCCC(CC1)CC(=O)O,,
227455,C1=CC=C(C=C1)N2C=CC=C2C(=O)O,,
227456,CC1=CC2=C(C(=C(C(=C2C(C)C)O)O)C=O)C(=C1C3=C(C4=C(C=C3C)C(=C(C(=C4C=O)O)O)C(C)C)O)O.CC(=O)O,,
227638,CC1(CCC(C2=C1C=CC(=C2)C(=O)O)(C)C)C,,
227752,CC(C)C(C(=O)O)NC(=O)C,,
227754,C1=CC=C(C=C1)CC(C(=O)O)N2C(=O)C3=CC=CC=C3C2=O,,
227767,C1=CC=C(C=C1)C2=C(N=NS2)C(=O)O,,
227798,C1CC(=O)CC1C(=O)O,,
227807,CC(C)C(CC(=O)O)C(=O)O,,
227939,CCCCCC(C(=O)O)N,,
227942,CCCCCCCC(C(=O)O)N,,
228080,CC1=CC(=C(C=C1)Br)C(=O)O,,
228086,CC1=C(C=CC(=C1)C(=O)O)C(=O)O,,
228095,C1=CC=C(C(=C1)CC(CC(=O)O)C(=O)O)Cl,,
228104,CC1=CC(=CC=C1)CC(CC(=O)O)C(=O)O,,
228209,[CH-]1C=CC=C1C(=O)O.[CH-]1C=CC=C1C(=O)O.[Fe+2],,
228214,CNC(C1=CC=CC=C1)C(=O)O,,
228215,CSCCCCC(C(=O)O)N,,
228398,CCNC(=O)CCC(C(=O)O)N,,
228464,C1=CC2=C(C=C1Br)C(=CC(=O)N2)C(=O)O,,
228472,C1=CC=C2C(=C1)N(C(=O)N2CC(=O)O)CC(=O)O,,
228473,CC1=C2C(=CC=C1)C(=CN2)CC(=O)O,,
228474,CC1=CC2=C(C=C1)NC=C2CC(=O)O,,
228477,CC1=CC2=C(C=C1)NC(=C2CC(=O)O)C,,
228478,CC1=C2C(=CC=C1)C(=C(N2)C)CC(=O)O,,
228480,CC1=C2C(=C(NC2=C(C=C1)C)C)CC(=O)O,,
228527,C1CCC2=C(C1)C=CC(=C2)CC(=O)O,,
228569,CC(CCC(=O)O)(C1=CC(=C(C(=C1)Br)O)Br)C2=CC(=C(C(=C2)Br)O)Br,,
228726,C1CC(OC1)CC(=O)O,,
228813,CC(=C)CC(C(=O)O)N,,
228892,C(C(C(F)(F)F)O)C(=O)O,,
228893,C(CC(C(=O)O)N)CC(F)(F)F,,
229163,CC1=C(C=NC=C1)C(=O)O,,
229296,CC(=O)NC1(CCCC1)C(=O)O,,
229302,C1=CC(=O)N(NC1=O)CC(=O)O,,
229315,CC1=CC(=C2C(=C1)NC(=C2CC(=O)O)C)C,,
229352,C1=CC(=CC(=C1)S(=O)(=O)N)C(=O)O,,
229357,C1CCC(CC1)NS(=O)(=O)C2=CC=C(C=C2)C(=O)O,,
229359,C1=CC=C(C=C1)NS(=O)(=O)C2=CC=C(C=C2)C(=O)O,,
229502,CC1CCCC1C(=O)O,,
229505,C1=CC(=CC(=C1)[N+](=O)[O-])C(=O)CCC(=O)O,,
229526,CCCC(C)(C(=O)O)N,,
229557,CCCCSCCCCCCCCCCC(=O)O,,
230053,C1=CC=C(C=C1)CN.C1=CC=C(C=C1)CNC(=O)O,,
230088,C(C(C(Cl)(Cl)Cl)O)C(=O)O,,
230459,COC1=C(C(=CC(=C1)C(=O)O)I)OC,,
230582,C1=CC=C2C(=C1)C(=CC(=N2)Cl)C(=O)O,,
230593,C1CCN(CC1)C2=NC3=CC=CC=C3C(=C2)C(=O)O,,
230595,C1=CC=C2C(=C1)C(=CC(=N2)C3=CC=C(C=C3)Br)C(=O)O,,
230602,CC1=CC(=C(C=C1)C2=NC3=CC=CC=C3C(=C2)C(=O)O)C,,
230606,C1=CC=C2C(=C1)C=CC=C2C3=NC4=CC=CC=C4C(=C3)C(=O)O,,
230653,C1=CC(=C(C=C1C(=O)O)F)[N+](=O)[O-],,
230683,CC(CC(=O)O)C1=CC=C(C=C1)O,,
230717,C1=CC(=CC=C1NCC(=O)O)Cl,,
230718,C1=CC=C(C=C1)NC(=O)NCC(=O)O,,
230772,C1=CC=C2C(=C1)C=C(C=C2C(=O)O)[N+](=O)[O-],,
230788,C1COCCN1C2=NC3=CC=CC=C3C(=C2)C(=O)O,,
230826,C1CCC(CC1)C2=C(C=CC(=C2)Cl)OCC(=O)O,,
230886,C1OC2=C(O1)C=C(C(=C2)CC(=O)O)Br,,
230890,C1=CN=C(C=C1Cl)C(=O)O,,
230918,C1=CC=C(C=C1)N2C(=O)C3=CC=CC=C3C(=N2)C(=O)O,,
231061,C1=CC=C(C=C1)NC2=C(C=C(C=C2)[N+](=O)[O-])C(=O)O,,
231278,C1=CC=C(C=C1)NC(=O)NC2=CC=C(C=C2)C(=O)O,,
231296,C1=CC=C(C=C1)N(C2=CC=CC=C2)C3=CC=CC=C3C(=O)O,,
231345,C1C[C@@](C[C@@H]1C(=O)O)(C(=O)O)N,,
231356,C(CCNC(=O)N)CC(C(=O)O)N,,
231357,C1=CC=C(C=C1)N(C2=CC=CC=C2)C(=O)C3=CC=CC=C3C(=O)O,,
231363,C1=CC2=C(C(=C(C=C2)C(=O)O)O)N=C1,,
231606,CCC1=CC=C(C=C1)CCCC(=O)O,,
231613,C1=CC=C(C(=C1)C#N)C2=CC=CC=C2C(=O)O,,
231700,C1CCC(C1)C(C(=O)O)C(=O)O,,
231754,CCOC(=O)C(C)(C)C(=O)O,,
231756,CC1=CC(=CC(=C1)O)C(=O)O,,
231852,C1=CC=C(C(=C1)C(=O)C2=CC(=C(C=C2)C(=O)O)C(=O)O)C(=O)O,,
231963,COC1=CC=C(C=C1)C(=O)C2=CC=CC=C2C(=O)O,,
231992,CC1=C(C=C(C=C1)CCCC(=O)O)C,,
231998,COC(=O)CCCCCCCCCCC(=O)O,,
232055,C1=C(C=C(C(=C1C(=O)O)N)[N+](=O)[O-])Cl,,
232130,C1=CC=C(C=C1)NNC(=O)CCC(=O)O,,
232388,C1CC(N(C1)C(=O)OCC2=CC=CC=C2)C(=O)O,,
232489,C1=CC(=C2C=CC=NC2=C1)C(=O)O,,
232537,CC1=CC(=C(C=C1)OC)CC(=O)O,,
232568,CCCCCCC1C=CC(C(C1CCCCCC)C=CCCCCCCCC(=O)O)CCCCCCCC(=O)O,,
232569,CCCCCCC(C)CC(=O)O,,
232840,C1CC2=C(C1)C(=CC=C2)C(=O)O,,
232841,C1CC2=C(C1)C=C(C=C2)C(=O)O,,
232986,C1=CC(=C(C=C1C(=O)O)[N+](=O)[O-])Br,,
233006,C1=CC=C2C(=C1)C(=O)N(C2=O)C(CC3=CC=C(C=C3)O)C(=O)O,,
233038,CC1=CC=CC=C1OC2=CC=CC=C2C(=O)O,,
233240,C1=CC=C2C(=C1)NC(=N2)C(=O)O,,
233243,C1=CN=CC=C1CCC(=O)O,,
233262,C1=CC(=C(N=C1)Br)C(=O)O,,
233338,C1(=C(NC(=O)NC1=O)C(=O)O)Cl,,
233466,C1C2C=CC1C(C2C3=CC=CC=C3)C(=O)O,,
233485,C(C(=O)O)NC(=O)CCl,,
233487,C(CCO)CC(C(=O)O)N,,
233538,C1C(=O)N(C(=S)S1)C2=CC=C(C=C2)C(=O)O,,
233810,C1CC(C2=CC=CC=C21)(C(=O)O)N,,
233858,C1=CC=C(C(=C1)C(=O)NC2=CC=CC=C2Cl)C(=O)O,,
233863,COC1=C(C=C2C(C(C(CC2=C1)C(=O)O)CO)C3=CC(=C(C=C3)O)OC)O,,
234102,C[C@@H]1CC[C@@]2(CC[C@@]3(C(=CC(=O)[C@H]4[C@]3(CC[C@@H]5[C@@]4(CC[C@@H](C5(C)C)OC(=O)C)C)C)[C@@H]2[C@H]1C)C)C(=O)O,,
234326,CC1=CC(=C(C=C1)OCC(=O)O)OC,,
234331,C1C(CC(=O)NC1=O)CC(=O)O,,
234339,C1CC(CN(C1)C(=O)OCC2=CC=CC=C2)C(=O)O,,
234378,C1=CC=C2C(=C1)C=CC(=C2Br)CC(=O)O,,
234562,COC1=CC=CC2=C1OC(=O)C(=C2)C(=O)O,,
234845,CC1C2CN3CCC4=C(C3CC2C(=CO1)C(=O)OC)NC5=CC(=C(C=C45)OC)OC.C(C(=O)O)C(CC(=O)O)(C(=O)O)O,,
234849,C1=CC=C(C=C1)C2=C(C=CO2)C(=O)O,,
234853,C1=C(OC(=C1)Cl)C(=O)O,,
234871,C1=CC=C(C=C1)C(=CC2=CC=C(C=C2)O)C(=O)O,,
234901,COC1=CC(=CC(=C1OC)OC)[C@H]2[C@@H]3[C@H](COC3=O)[C@H](C4=CC5=C(C=C24)OCO5)OC(=O)CCC(=O)O,,
234937,C1=CC=C2C(=C1)NC(=O)C(S2)CC(=O)O,,
235009,CC(C)C(C(=O)NC(C(C)C)C(=O)NC(C(C)C)C(=O)O)N,,
235115,CC(=CC1=CC=C(C=C1)[N+](=O)[O-])C(=O)O,,
235188,CC1=C(C=C(C=C1)O)C(=O)O,,
235453,C1=CC=C(C=C1)C(=O)CC(C2=CNC3=CC=CC=C32)C(=O)O,,
235533,C1CC(CC2=CC=CC=C21)(C(=O)O)N,,
235593,C1=CC2=C(C=CC(=C2)S(=O)(=O)NC3=CC=C(C=C3)C(=O)O)C(=C1)N,,
235711,CCCCCCCCCCCC#CCCCCC(=O)O,,
235713,C1=CC(=C(C=C1N)[N+](=O)[O-])C(=O)O,,
235719,C1=CC(=C(C=C1CC(C(=O)O)N)[N+](=O)[O-])O,,
235909,COC1=C(C=CC(=C1)CC=C)OCC(=O)O,,
235913,COC1=CC=C(C=C1)C(CC(=O)O)C(=O)O,,
235965,C1=CC=C(C(=C1)C(=O)O)NS(=O)(=O)C2=CC=C(C=C2)N,,
236021,CC1=CC(=CC(=C1N)C)C(=O)O,,
236051,C1=CC(=C(C=C1C(=O)O)N)SSC2=C(C=C(C=C2)C(=O)O)N,,
236058,CN1C=NC(=C1SCC(=O)O)[N+](=O)[O-],,
236262,C1=C(N=CS1)CC(=O)O,,
236268,CC1=C(N=C2C=C(C=CC2=N1)C(=O)O)C,,
236331,C1=CC=C(C=C1)C2(C(=O)NC(=O)N2)CCC(=O)O,,
236346,CC(C(=O)O)SC(=S)SC(C)C(=O)O,,
236483,CC(CCCCCCCCC(=O)O)O,,
236591,C1=CSC(=C1)CC(C(=O)O)C(=O)O,,
236781,C1=CC(=CC=C1OCC(=O)O)S(=O)(=O)C2=CC=C(C=C2)OCC(=O)O,,
236980,C1=C(C=C(NC1=O)Cl)C(=O)O,,
236985,C1=CN=C(C=C1C(=O)O)Cl,,
237026,C1C(CC(=O)NC1=O)C(=O)O,,
237032,CN(C)CC(CC(=O)O)O,,
237056,C1=CC=C(C=C1)N2C(=CC=N2)C(=O)O,,
237084,CC1=C(C=CC2=C1N=C(C=C2C(=O)O)C3=CC=CC=C3)Cl,,
237130,C1=CC(=CC=C1C(=O)CCC(=O)O)O,,
237402,COC1=CC2=C(C=C1)N=C(C=C2C(=O)O)C3=CC=CC=C3,,
237413,C1[C@H]([C@@H]1C(=O)O)C2=CC=CC=C2,,
237479,C1=CC=C(C(=C1)C(=O)NC2=CC=C(C=C2)[N+](=O)[O-])C(=O)O,,
237481,C1=CC=C(C(=C1)C(=O)NC2=CC=CC=C2[N+](=O)[O-])C(=O)O,,
237617,C1(=C(OC(=C1C(=O)O)C(=O)O)C(=O)O)C(=O)O,,
237621,CC1=C(C=CC(=C1)OC)CCCC(=O)O,,
237657,CC(CC(=O)O)C(C(=O)O)N,,
237756,C1=CC(=CC=C1SCCC(=O)O)Cl,,
237891,CC(C)C(=C)CCC(C1CCC2(C1(CCC3=C2CCC4C3(CCC(C4(C)C)O)C)C)C)C(=O)O,,
238009,C1=CC=C(C(=C1)C(=O)NC2=CC=C(C=C2)Cl)C(=O)O,,
238231,C1=CC(=C(C(=C1)I)C(=O)O)C(=O)O,,
238488,C1CC2CCC1C(C2C(=O)O)C(=O)O,,
238546,C1CCC(CC1)N2CC(CC2=O)C(=O)O,,
238598,C1=CC=C(C=C1)SC2=CC=C(C=C2)C(=O)O,,
238669,CC(=O)OC1=CC=CC(=C1)C(=O)O,,
238676,C1=CC=C2C=C(C=CC2=C1)CCC(=O)O,,
238794,CCCCCC1=CC(=O)C=C(C12C3=C(C=C(C(=C3CCCCC)C(=O)O)O)OC2=O)OC,,
238932,C1=CC(=NC=C1C(=O)O)Br,,
238935,C1=CC(=C(C=C1C(=O)O)Br)N,,
238939,C1=CC2=C(C=C1[N+](=O)[O-])C=C(S2)C(=O)O,,
238964,C(C1C(=O)N=C(S1)N)C(=O)O,,
238995,CCCC(C1=CC=CC=C1)C(=O)O,,
239062,CCOC(C(=O)C1=CC=C(C=C1)C2=CC=CC=C2)NC3=CC=C(C=C3)C(=O)O,,
239163,C1C(C(=O)OC1=O)CC(=O)O,,
239184,CCCC(=O)NC1=CC=CC=C1C(=O)O,,
239212,C1CC(C2(C1)C(=O)NC(=O)N2)C(=O)O,,
239336,C1=C(C=C(C=C1[N+](=O)[O-])Br)C(=O)O,,
239342,C1=C(C=C(C=C1N)[N+](=O)[O-])C(=O)O,,
239360,C1=C(N=CN=C1C(=O)O)C(=O)O,,
239577,C1=CC(=O)N(C1=O)C2=CC(=CC(=C2)C(=O)O)N3C(=O)C=CC3=O,,
239585,CC1=C(C=C(C=C1)C(=O)O)S(=O)(=O)N,,
239605,C1=CC=C(C=C1)C(C(=O)O)SC2=CC=CC=C2,,
239820,CN(C)CCCC(=O)O,,
239828,CN(C)CCC(=O)O,,
239834,CN(C)C(CCSC)C(=O)O,,
239867,CC(=O)[C@H]1C[C@H](C1(C)C)CC(=O)O,,
239929,C1=CC=C(C(=C1)C(CC(=O)O)N)Cl,,
239963,CC(=O)NC1=C(C=CC(=C1)Cl)C(=O)O,,
240083,CC1=CC=C(C=C1)S(=O)(=O)NC(CC(C)C)C(=O)O,,
240430,CC1=CC(=C(C=C1)Cl)C(=O)O,,
240459,COC1=C(C=C(C=C1)CCCCC(=O)O)OC,,
240466,COC1=CC2=C(C=C1)C=C(C=C2)C(=O)CCC(=O)O,,
240530,C1=C(N=C(N=C1Cl)Cl)C(=O)O,,
240531,C1=C(N=C(N=C1N)N)C(=O)O,,
240836,C1C(CC12CC(C2)C(=O)O)C(=O)O,,
241022,CC(CCl)(C(=O)O)O,,
241587,CC(=O)OC1=CC=C(C=C1)CC(=O)O,,
241632,CC1=C(C=CC(=C1)N)C(=O)O,,
241752,C1=CC(=CC(=C1)C(=O)O)CCl,,
242027,C1=CN(C=C1)CC(=O)O,,
242039,C1=CC=C(C=C1)C(CC(=O)C2=CC=CC=C2)C(=O)O,,
242043,COC1=CC=C(C2=CC=CC=C21)CC3=CC=CC=C3C(=O)O,,
242172,CN(C)C(C1=CC=C(C=C1)Cl)C(=O)O,,
242236,CC1=CC=C(C=C1)NCC(=O)O,,
242245,C1=CC=C(C=C1)CCNCC(=O)O,,
242256,C1=CC(=C(C=C1C(=O)O)C(=O)O)F,,
242620,C1=CC=C(C(=C1)C2=NC3=CC=CC=C3S2)C(=O)O,,
242624,C1=C[N+](=CC(=C1[N+](=O)[O-])C(=O)O)[O-],,
242721,C1=CC(=O)NC(=C1)C(=O)O,,
242819,C1=CC(=NC=C1C(=O)O)F,,
242828,CC1=C(C=CC(=C1)C(=O)O)F,,
242829,CC1=CC(=C(C=C1)F)C(=O)O,,
242911,CC(CCC(=O)O)(C1=CC(=C(C=C1)O)CN2CCOCC2)C3=CC(=C(C=C3)O)CN4CCOCC4,,
242946,C1=CC(=CC=C1C(=O)O)N=C=S,,
243019,C1=C(C(=O)NC=C1C(=O)O)[N+](=O)[O-],,
243025,C1=CC(=C(C=C1[N+](=O)[O-])C(=O)O)Br,,
243349,C1CSC(S1)C(=O)O,,
243779,COC(=O)[C@@H]1CCCC[C@@H]1C(=O)O,,
244082,C1=CC=C(C=C1)NCCC(=O)O,,
244084,CC(=O)CCC(=O)CCC(=O)O,,
244162,CC1=CC=C(C=C1)C(=O)CCC(=O)O,,
244199,C1=CC(=C(C=C1Cl)CC(=O)O)O,,
244756,CC1=C(C=CO1)C(=O)O,,
244872,C(CCCCCCCCCCC(=O)O)CCCCCCCCCC(=O)O,,
244896,C(C(=O)O)(C(F)(F)F)O,,
245009,CC(C)(C)NC(=O)CCC(=O)O,,
245095,C1=CC(=CC=C1NC(=O)C=CC(=O)O)F,,
245114,C1=CC=C2C(=C1)C3=CC(=C(C=C3C2=O)NC(=O)C4=CC=CC=C4C(=O)O)Br,,
245313,CN1C=NC(=C1C(=O)O)[N+](=O)[O-],,
245422,COCCOC(=O)CCC(=O)O,,
245564,C1CC[C@@H]([C@@H](C1)C(=O)O)C(=O)O,,
245650,C1=CC(=CC(=C1)C(=O)O)CBr,,
245861,C1CC(=O)N(C1=O)CCC(=O)O,,
245987,CC(C(=O)O)OCC1=CC=CC=C1,,
246499,C1=CC=C2C(=C1)C(=O)N(C2=O)C3=CC=C(C=C3)C(=O)O,,
246523,CC(CC(=O)O)C(=O)C,,
246525,C1=C(C(=C(C(=C1Br)N)Br)C(=O)O)Br,,
246564,CC1=C(C(=O)N(N1C)C2=CC=CC=C2)C(=O)O,,
246565,C1=CC=C(C=C1)COC(=O)NC(CC(=O)N)C(=O)O,,
246577,C1=C(C=C(C(=C1Br)C(=O)O)Br)Br,,
246581,CC(C)(C)C(C)(C)C(=O)O,,
246609,CC1=CC(=C(C=C1)C(=O)C2=CC=CC=C2C(=O)O)C,,
246663,C(CCC(=O)O)CCNC(=O)NCCCCCC(=O)O,,
246673,CC(C)CC(C(=O)O)NC(=O)OCC1=CC=CC=C1,,
246682,CC1=C(C=CC=C1F)C(=O)O,,
246764,C=CCC1=CC=CC=C1OCC(=O)O,,
246783,COC1=NC=C(C=C1)NC2=C(C=CC(=C2)Cl)C(=O)O,,
246853,CCCCOC1=NC=C(C=C1)NC2=C(C=CC(=C2)Cl)C(=O)O,,
246868,CC(C(=O)O)OC1=CC=C(C=C1)C(C)(C)C,,
246898,CC1=NC2=C(S1)C=C(C=C2)C(=O)O,,
246913,C(C1=C(NC(=O)S1)O)C(=O)O,,
247031,C1=C(NC(=O)N=C1)C(=O)O,,
247194,C1=CN=C(N=C1C(=O)O)N,,
247361,C1=CC=C2C(=C1)C(=CC(=N2)C3=CC=C(C=C3)O)C(=O)O,,
247392,CCC1=CC=C(O1)C(=O)O,,
247394,C1=CC(=CC=C1C#CC(=O)O)[N+](=O)[O-],,
247395,COC1=CC=C(C=C1)C#CC(=O)O,,
247444,CC1=CC(=C(C(=O)N1)C(=O)O)C,,
247668,C1C(=NN(C1=O)C2=CC(=C(C=C2Cl)S(=O)(=O)O)Cl)C(=O)O,,
247673,CC1=C(C(=C(N=C1C(=O)O)C2=NC3=C(C=C2)C(=C(C4=NC(N=C34)(C)C)OC)O)N)C5=C(C(=C(C=C5)OC)OC)O,,
247897,CC(C(=O)O)OC1=C(C=C(C=C1)Br)Br,,
247922,CCC(CC)(CC(=O)O)CC(=O)O,,
247986,C1=C(C=NC=C1Cl)C(=O)O,,
247987,C1=C(C=NC(=C1Cl)Cl)C(=O)O,,
248136,C1=CC2=C(C=C1[N+](=O)[O-])C(=CN2)C(=O)O,,
248153,C1CCC(CC1)(CC(=O)O)O,,
248359,CC1=C(C=CC(=C1)Br)OCC(=O)O,,
248360,C1=CC(=CC=C1CSCC(=O)O)Cl,,
248361,CC1=CC(=C(C=C1)OCC(=O)O)Cl,,
248473,CN1C2=C(C(=O)N(C1=O)C)N=CN2CC(=O)O,,
248474,CC1=CC=C(C=C1)CC(=O)O,,
248828,C=CCC1=C(C=CC(=C1)Cl)OCC(=O)O,,
248880,C1=CC=C(C(=C1)C(=O)NC2=CC=C(C=C2)S(=O)(=O)N)C(=O)O,,
249306,C1=CSC(=C1)C(CC(=O)O)N,,
249413,CC1=CC(=CC(=C1[N+](=O)[O-])C)C(=O)O,,
249649,COC1=CC=C(C=C1)OCCCC(=O)O,,
250396,C1=C(C=C(C(=C1O)O)O)C(=O)OCC2C3C(C(C(O2)OC(=O)C4=CC(=C(C(=C4)O)O)O)OC(=O)C5=CC(=C(C6=C5C(C(C(=O)O3)CC(=O)O)C(C(=O)O6)O)O)O)OC(=O)C7=CC(=C(C(=C7)O)O)O,,
250397,C1C2C3C(C(C(O2)OC(=O)C4=CC(=C(C(=C4)O)O)O)OC(=O)C5=CC(=C(C6=C5C(C(C(=O)O3)CC(=O)O)C(C(=O)O6)O)O)O)OC(=O)C7=CC(=C(C(=C7C8=C(C(=C(C=C8C(=O)O1)O)O)O)O)O)O,,
250402,CC(C(C(=O)O)O)O,,
250653,CS(=O)(=O)NC1=CC=C(C=C1)C(=O)O,,
250936,C1C2=CC=CC=C2CC1(C(=O)O)N,,
250957,C(C1=C(N=C(S1)N)O)C(=O)O,,
251293,CC(C)CCOC1=CC=C(C=C1)C(=O)O,,
251524,C1CC(=O)OC1C(=O)O,,
251606,C1=CC=C(C=C1)C2=NC3=C(C=CC=C3O)C(=C2)C(=O)O,,
251763,C1(=NSN=C1N)C(=O)O,,
251912,CN1C2CCC1[C@@H]([C@H](C2)OC(=O)C3=CC=CC=C3)C(=O)O,,
251951,C(CSC(F)(F)F)C(C(=O)O)N,,
251957,C1C2=CC=CC=C2CC1(C(=O)O)C(=O)O,,
252023,CC1=C(C=CC=C1O)C(=O)O,,
252137,C1=CC2=C(C=C1Br)C=C(N2)C(=O)O,,
252253,C1[C@H]([C@H]([C@H]([C@H]1C(=O)O)C(=O)O)C(=O)O)C(=O)O,,
252332,C1=CC(=CC(=C1)F)C(C(=O)O)O,,
252397,CC(C)(C)C1=CC=C(C=C1)SCC(=O)O,,
252439,C(CC(=O)O)C(=O)NO,,
252480,CC(CC(=O)O)C(C)C(=O)O,,
252597,C1=CC=C(C=C1)C(=O)NC2=CC=C(C=C2)C(=O)O,,
252654,CNS(=O)(=O)C1=CC=CC(=C1)C(=O)O,,
252679,C1=CC2=C(C=C1[N+](=O)[O-])C=C(C(=O)O2)C(=O)O,,
252682,CC1=CC=C(C=C1)S(=O)(=O)OCC(=O)NC2=CC(=C(C=C2)C(=O)O)O,,
252732,C1=CC(=CC=C1CCCC(=O)O)Br,,
252734,C1=CC2=C(C=C(C=C2)F)C(=C1)C(=O)O,,
252753,CCN(CC)C1=CC=C(C=C1)N.C(=O)(C(=O)O)O,,
253131,C1=CC=C(C=C1)[C@H]([C@H](C2=CC=CC=C2)C(=O)O)C(=O)O,,
253193,CCC1=C(C2=NC1=CC3=C(C4=C([C@@H](C(=C5[C@H]([C@@H](C(=CC6=NC(=C2)C(=C6C)C=C)N5)C)CCC(=O)O)C4=N3)C(=O)OC)O)C)C,,
253213,COC(=O)CC(CC(=O)O)(C(=O)OC)O,,
253249,C1CC(=O)C2=CC=CC=C2C1C(=O)O,,
253302,CC1(C(N2C(S1)C(N=C2CC3=CC=CC=C3)C(=O)O)C(=O)O)C,,
253377,C(CC(F)(F)F)C(C(=O)O)N,,
253531,CCCCOC1=C(C=CC(=C1)C(=O)O)[N+](=O)[O-],,
253823,CC1=CC2=C(C=C1)NC=C(C2=O)C(=O)O,,
254166,CN1C=C(C2=CC=CC=C21)CC(=O)O,,
254171,COC1=CC(=C(C=C1)C(=O)CCC(=O)O)O,,
254339,C1=CC2=C(C=C1O)C(=O)N(C2=O)C(CCC(=O)N)C(=O)O,,
254480,C1CCC(C1)(C(=O)O)N2C(=O)C3=CC=CC=C3C2=O,,
254566,CC1=NC(=NN1)SCC(=O)O,,
254956,C1=CC2=C(C=C1Cl)C(=O)C(=CN2)C(=O)O,,
254957,C1=CC=C(C(=C1)CCCC(=O)O)[N+](=O)[O-],,
255027,CC1=CC(=C(C=C1)C(=O)O)[N+](=O)[O-],,
255032,CC1=CC(=C(C=C1N)C)C(=O)O,,
255155,C1=CSC(=C1)C(=O)CCCC(=O)O,,
255280,C1=C(N=CC(=N1)C(=O)O)C(=O)O,,
255289,COC1=CC2=C(C=C1)NC=C(C2=O)C(=O)O,,
255290,COC1=CC=CC2=C1NC=C(C2=O)C(=O)O,,
255293,CC1(C(NC(S1)CNC(=O)CC2=CC=CC=C2)C(=O)O)C,,
255338,CC(C)C(C#N)C(=O)O,,
255363,C1=CSC(=N1)NC(=O)CCC(=O)O,,
255450,C1=NC(=C2C(=N1)N(C=N2)CCC(=O)O)N,,
255595,C1C2CC(C1C3C2CC(C3)C(=O)O)C(=O)O,,
255604,COC1=CC=C(C=C1)C=NC2=CC=C(C=C2)C=CC(=O)O,,
255666,CC1=C(C=CN1)C(=O)O,,
255720,COC1=CC=CC(=C1N)C(=O)O,,
255733,C1=CN(C(=O)NC1=O)CC(=O)O,,
255851,C1=C(SC=C1C(=O)O)C(=O)O,,
255852,C1=CSC(=C1C(=O)O)C(=O)O,,
255853,C1=C(C(=CS1)C(=O)O)C(=O)O,,
255899,CCCCCCCCCCCCCCCCCCN.CC(=O)O,,
256062,C1=CC=C(C(=C1)C(=O)C2=CC=C(C=C2)Br)C(=O)O,,
256208,CC1=CC(=CN=C1)C(=O)O,,
256210,CC1=NC=C(C(=N1)C(=O)O)Br,,
256341,C1(=NNN=C1C(=O)O)C(=O)O,,
256411,C1=CC=C(C=C1)C(C2=CC=CC=C2)(C3=CC=CC=C3)SCC(C(=O)O)N,,
256518,CC1(C=CC2=C(O1)C(=C3C(=C2OC)C=CC(O3)(C)C)CCC(=O)O)C,,
256519,CC1(C=CC2=C3C(=C(C(=C2O1)CCC(=O)O)OC)C=CC(O3)(C)C)C,,
256617,C1=CC=C(C=C1)C(=O)NC2=CC=CC(=C2)C(=O)O,,
256625,CC1CC(=O)NC1C(=O)O,,
256876,CC(C(=O)O)F,,
256921,C1=CC=C(C(=C1)C(=O)O)NC(=O)C(F)(F)F,,
257095,C1CN(CCC1(C(=O)O)C(=O)O)S(=O)(=O)C2=CC=CC=C2,,
257223,CC(C)(C(=O)O)NC(=O)C1=CC=CC=C1,,
257476,C1COCCN1S(=O)(=O)C2=CC=CC(=C2)C(=O)O,,
257489,C1=CC(=CC=C1C(=O)O)S(=O)(=O)C2=CC=C(C=C2)N,,
257499,C1CCN(C1)C(=S)SCC(=O)O,,
257522,CC(C(=O)O)SC(=S)N1CCOCC1,,
257554,C1=C(C=C(C=C1C(=O)O)S(=O)(=O)NCCO)C(=O)O,,
257576,CC(C1=CC=C(C=C1)OC)C(=O)O,,
257714,COC1=CC2=C(C=C1)C(=O)C(=CN2)C(=O)O,,
257721,C1=CC=C2C(=C1)N(C(=S)S2)CNC3=CC=C(C=C3)C(=O)O,,
258011,CC1=CC=C(C=C1)S(=O)(=O)N(C)C2=CC=C(C=C2)C(=O)O,,
258162,C1=CC2=C(ON=C2C=C1)C(=O)O,,
258536,C1=CC=C2C(=C1)C(=O)OC2(C3=CC=C(C=C3)O)C4=CC=C(C=C4)OC5C(C(C(C(O5)C(=O)O)O)O)O,,
258538,CC1(CCC2(CCC3(C(=CCC4C3(CCC5C4(CCC(C5(C)CO)O)C)C)C2C1)C)C(=O)O)C,,
258541,C1=CC(=CC(=C1)OCC(=O)O)O,,
258809,CC1CCC2(CCC3(C(=CCC4C3(CC(C5C4(CC(C(C5(C)CO)O)O)C)O)C)C2C1C)C)C(=O)O,,
258810,C1=CC(=C(N=C1)C(=O)N)C(=O)O,,
259002,CC1=CC=C(C=C1)S(=O)(=O)NC(CC2=CN=CN2)C(=O)O,,
259185,CSCCC(C(=O)NCC(=O)O)N,,
259188,CC1=CC2=C(C=C1)NC(=C2)C(=O)O,,
259191,COC1=CC2=C(C=C1)NC=C2C(=O)O,,
259325,CC(C)CC(C(=O)NC(CC1=CC=CC=C1)C(=O)O)N,,
259581,CC(C(=O)O)NC1=C(C=C(C=C1)[N+](=O)[O-])[N+](=O)[O-],,
259582,C1=CC(=C(C=C1[N+](=O)[O-])[N+](=O)[O-])NC(CO)C(=O)O,,
259583,CC(C)CC(C(=O)O)NC(=O)C(C)N,,
259611,C(C(=O)NCC(=O)O)NC(=O)CCl,,
259613,CCC(C)C(C(=O)O)NC(=O)CN,,
259624,C1=CC(=CN=C1)CCC(=O)O,,
259740,C1=CC(=CC=C1CCCC(=O)O)Cl,,
259794,CCCCCCCCC(=O)C(=O)O,,
259832,CC(CC(C(=O)O)N)C(F)(F)F,,
259834,CC1=CC(=C(C(=C1)C(=O)O)N)C,,
260003,C1CCC(CC1)(CC(=O)O)C(=O)O,,
260162,C(=O)(C(C(C(C(C(F)(F)Cl)(F)Cl)(F)F)(F)Cl)(F)F)O,,
260363,C1=CC(=C(C=C1C(=O)NCC(=O)O)Cl)Cl,,
260390,CNCCC1=CNC2=C1C=C(C=C2)O.C(=O)(C(=O)O)O,,
260708,CC1(CC1C(=O)O)C,,
260801,COC1=C(C=C2C(=C1)C=C(N2)C(=O)O)OCC3=CC=CC=C3,,
260936,C1=CC2=C(C=CN=C2)C(=C1)C(=O)O,,
261407,C1=CC=C(C=C1)CN2C3=CC=CC=C3C=C2C(=O)O,,
261524,C(C(=O)O)S(=O)(=O)CC(=O)O,,
261550,C1=CC=C2C(=C1)C(=O)N(C2=O)C(CC3=CN=CN3)C(=O)O,,
261602,C1=CC=C2C(=C1)C(=O)C3=C(C2=O)N4C=CC=CC4=C3C(=O)O,,
261627,C=CCC1=C(C(=CC=C1)C(=O)O)O,,
261630,CC1=C(C(=C(C=C1)C)O)C(=O)O,,
261781,C1C2=C(C=CC(=C2)Cl)C3=C1C(=CC=C3)C(=O)O,,
261865,C1=CC=C(C=C1)C2=CC=CC=C2CC(C(=O)O)C(=O)O,,
262282,C1=CC=C(C=C1)C2=C(C=CC(=C2)Br)OCC(=O)O,,
262285,C1=CC=C(C=C1)C2=CC=C(C=C2)OCC(=O)O,,
262400,CSC1=C(C=CC=N1)C(=O)O,,
262558,CC(C(C(=O)O)NC1=C(C=C(C=C1)[N+](=O)[O-])[N+](=O)[O-])O,,
262698,COC1=C(C=C(C=C1)C2C3=C(CC(N2)C(=O)O)C4=CC=CC=C4N3)OC,,
262719,CC(=O)SCCC(=O)O,,
262767,C1=CC=C(C=C1)C(C2=CC=CC=C2)(C3=CC=CC=C3)SCCC(=O)O,,
262902,C(CC(=O)O)C1=C(C(=C(C(=C1F)F)F)F)F,,
262943,C1=CC=C(C=C1)C2=CC=C(C=C2)C(=O)NCC(=O)O,,
263032,CC1=CCC(C(C1)C(=O)O)C(=O)O,,
263045,CCCCCCCCCCCCN.CC(=O)O,,
263056,C1CC2=CC=C(C3=CC=CC1=C23)C(=O)CCC(=O)O,,
263071,CC1=CC(=CC(=C1O)C(=O)O)C(=C2C=C(C(=O)C(=C2)C(=O)O)C)C3=CC(=C(C(=C3)C)O)C(=O)O,,
263086,C(CC(=O)O)C#N,,
263161,C1CC(OC1)CCC(=O)O,,
263211,CC1=CC=C(C=C1)C(=O)O[C@@H]([C@@H](C(=O)O)OC(=O)C2=CC=C(C=C2)C)C(=O)O,,
263218,CC1=C(C=C(C=C1)OC)C(=O)O,,
263251,COC1=CC=CC=C1C2=CC=CC=C2C(=O)O,,
263373,C1=CC=C(C=C1)C2=CC=CC=C2CC(=O)O,,
263426,CC1(C2=C(CC(N1)C(=O)O)C3=CC=CC=C3N2)C(=O)O,,
263465,C(CN)C(=O)NCCC(=O)O,,
263471,C1=CC=C2C(=C1)C(=CN2)CC(C(=O)NCC(=O)O)N,,
263475,CC(C(=O)O)NC(=O)C(CC1=CNC2=CC=CC=C21)N,,
263534,CC(=CCC1=C(C(=O)C2=CC=CC=C2C1=O)OCC(=O)O)C,,
264182,C1=CC=C(C=C1)CSC2=CC=CC=C2C(=O)O,,
264313,C1=CC=C2C(=C1)C=CC(=N2)CCC(=O)O,,
264891,CCN(CC)CCC1=NC(=NO1)C2=CC=CC=C2.C(C(=O)O)C(CC(=O)O)(C(=O)O)O,,
265117,C1=CC(=O)C(=C(C(=C1)CC(=O)O)C(=O)O)O,,
265125,CCCSC1=CC=CC=C1C(=O)O,,
265277,C1C(OC(=O)C2=CC=CC=C21)C(=O)O,,
265434,C1=CC(=CC(=C1)F)C(C(=O)O)N,,
265441,COC1=CC=CC(=C1)C(C(=O)O)N,,
265620,C(C1=NC(=NC(=N1)N)N)C(=O)O,,
265630,C1=CC(=C(N=C1)SCC(=O)O)[N+](=O)[O-],,
265740,C1=CC=C(C=C1)C(C(C(=O)O)O)O,,
265949,CC(=O)NCCCCC(C(=O)O)N,,
266034,C1(C(C(C1C(=O)O)C(=O)O)C(=O)O)C(=O)O,,
266052,C1=CC=C(C=C1)C(C#N)OC2C(C(C(C(O2)C(=O)O)O)O)O,,
266053,COC1=CC(=C(C=C1)OC)CCCC(=O)O,,
266062,COC1=CC(=C(C=C1)OC)C(=O)CCC(=O)O,,
266534,CC1=CC(=C(C=C1C)N)C(=O)O,,
266764,CCC(C(=O)O)NC1=CC=CC=C1,,
266800,C1=CC=C(C(=C1)C(=O)O)NCCC(=O)O,,
266802,CC1=CC=C(C=C1)S(=O)(=O)NCCC(=O)O,,
266817,COC1=CC=C(C=C1)C(=O)CCCC(=O)O,,
266830,COC1=CC=C(C=C1)C2=CC=CC=C2C(=O)O,,
266877,C1C2=CC=CC=C2C3=C1C=C(C=C3)CC4=CC=CC=C4C(=O)O,,
266944,C1=CC=C2C(=C1)C3=C(S2)C=CC(=C3)C(=O)CCC(=O)O,,
267137,CC(=CCOC1=CC=C(C=C1)C(=O)O)C,,
267360,CC1C(C(C(C(O1)OC2C(C(COC2OC3CCC4(C(C3(C)CO)CCC5(C4CC=C6C5(CCC7(C6CC(CC7)(C)C)C(=O)O)C)C)C)O)O)O)O)O,,
267534,C1C(OC2=CC=CC=C2O1)CC(=O)O,,
267548,C1C(OC2=CC=CC=C2O1)CCC(=O)O,,
267773,COC1=CC=CC=C1N2CCN(CC2)CCC3=CNC4=CC5=C(C=C43)OCO5.[C@@H]([C@H](C(=O)O)O)(C(=O)O)O,,
268179,C1CC2CCC1CC2C(=O)O,,
268297,CC1=CC(=O)N(C2=CC=CC=C12)CC(=O)O,,
268471,CC(C(=O)O)NC(=O)OC(C)(C)C,,
268472,CC(C)(C)OC(=O)N1CCCC1C(=O)O,,
268473,CC(C)CC(C(=O)O)NC(=O)OC(C)(C)C,,
268539,CN(CCC(=O)O)S(=O)(=O)C1=CC=CC=C1,,
268680,C1=C(SC=C1[N+](=O)[O-])C(=O)O,,
268724,C1=CC(=C(C(=C1)F)O)C(=O)O,,
268734,C1=CC=C(C=C1)C2=CC(=C(C(=C2)Br)O)C(=O)O,,
268737,C1=CC(=C(C=C1Br)O)C(=O)O,,
268740,C1=CC(=NC=C1O)C(=O)O,,
268757,CC1=C(N=CC=C1)C(=O)O,,
268779,CNC(CCC(=O)O)C(=O)O,,
268907,C1=C(SC(=C1C(=O)O)Br)Br,,
268918,C1=CSC=C1CCC(=O)O,,
268922,CC(=O)NC(CC1=CSC=C1)(C(=O)O)C(=O)O,,
269023,C1CC(N(C1)O)C(=O)O,,
269025,C1CCN(C(C1)C(=O)O)O,,
269171,C1=CC=C2C(=C1)C(=CC(=N2)C3=CC=CC=C3Cl)C(=O)O,,
269217,C1C(CSS1)(C(=O)O)N,,
269264,C1=CC=C(C=C1)C(C(=O)O)SC(C2=CC=CC=C2)C(=O)O,,
269322,CN(CC1=CC2=C(C=C1)N=C(N=C2N)N)C3=CC=C(C=C3)C(=O)NC(CCC(=O)O)C(=O)O,,
269323,C1=CC(=CC=C1C(=O)NC(CCC(=O)O)C(=O)O)NCC2=CC3=C(N=C(N=C3N=C2)N)N,,
269369,C1=CC(=NN=C1)C(=O)O,,
269643,C1CCN(C1)C2=CC(=NC=C2)C(=O)O,,
269697,CCC1=CC2=C(C=C1)NC(=C2)C(=O)O,,
269698,CC(C)(C)OC(=O)NC(CC1=CC=CC=C1)C(=O)O,,
269945,C(CC(=O)CCCC(=O)O)CC(=O)O,,
270016,C1(=NSN=C1C(=O)O)C(=O)O,,
270259,C1=CC(=C(C(=C1)Br)N)C(=O)O,,
270298,CC(C)CC(C(=O)O)NC(C1=CC=CC=C1)(C2=CC=CC=C2)C3=CC=CC=C3,,
270402,C1CCN(CC1)C2=CC(=NC=C2)C(=O)O,,
270517,C1OC2=C(O1)C=C(C=C2)CC(=O)C(=O)O,,
270557,COC1=C(C=C(C=C1)C(CC(=O)O)C2=CC(=C(C(=C2)OC)OC)OC)OC,,
270604,CC12CCC(CC1CCC3C2C(=O)CC4(C3CCC4=O)C)OC5C(C(C(C(O5)C(=O)O)O)O)O,,
270631,CC1(C(N2C(S1)C(C2=O)NC(=O)CCCC(C(=O)O)N)C(=O)O)C,,
270655,CC(C)C(C(=O)O)NC(=O)OC(C)(C)C,,
270753,C1=CC2=C(C(=C1)Cl)NC=C(C2=O)C(=O)O,,
270871,C1=CC(=CC=C1CC#N)C(=O)O,,
270872,CCSC1=CC=CC(=C1)C(=O)O,,
270875,C1=CC(=CC(=C1)SSC2=CC=CC(=C2)C(=O)O)C(=O)O,,
270941,COC1=C(C=C(C(=C1)CC(=O)O)[N+](=O)[O-])OC,,
270959,CC(C(=O)O)SCC1=CC=CC=C1,,
270960,C1=CC=C(C=C1)C(C2=CC=CC=C2)S(=O)(=O)CC(=O)O,,
270972,CCC(C)C1=C(C2=CC(=O)C(=C(C2=CO1)O)C(=O)O)C,,
271312,C1=CC=C2C(=C1)C(=C(C(=O)C2=O)CC(=O)O)O,,
271499,CC(C(=O)O)SC1=CC=CC=C1,,
271552,C1=CC(=C(C=C1Cl)[N+](=O)[O-])CC(=O)O,,
271570,CCOC(=O)C1=COC=C1C(=O)O,,
271640,C1=CC=C2C(=C1)C=CC3=C2OC(=O)C(=C3)C(=O)O,,
271643,C1=CC2=C(C=C1Cl)C=C(C(=O)O2)C(=O)O,,
271680,CC(=O)NC1=CC=C(C=C1)S(=O)(=O)NCC(=O)O,,
271761,C1=CC(=C(C=C1C(=O)O)C=O)O,,
271816,C1CCC(C(C1)C(=O)O)O,,
271932,CC(C)(CBr)C(=O)O,,
271989,C1CCC(CC1)C(C(=O)O)O,,
272104,CC1C=CC(O1)C(C(=O)O)N,,
272138,C1=CC=C2C(=C1)C=C(C=C2C(=O)O)N,,
272566,C1=CC=C2C(=C1)C(=CC(=O)C2=O)NC3=CC=CC(=C3)C(=O)O,,
272662,C1=CC(=C(C=C1N=NC2=C(N=C(N=C2N)N)N)O)C(=O)O,,
272725,CC(C)C(C)C(C(=O)O)N,,
272738,C1=CC2=C(C(=C1)[N+](=O)[O-])C(=O)N(C2=O)CC(=O)O,,
272755,CCOC(=O)CC1(NC(C(S1)(C)C)C(=O)O)C,,
272803,C1=CC=C(C=C1)C(C(=O)O)N2C(=O)C3=CC=CC=C3C2=O,,
272833,CC(C(=O)N[C@H]1[C@@H]2N(C1=O)[C@H](C(S2)(C)C)C(=O)O)OC3=CC=CC=C3,,
272954,CN1CCC(CC1)(C(=O)O)N,,
273022,C1CC(N(C1)N)C(=O)O,,
273170,CC1=C(C(=CC=C1)OC)C(=O)O,,
273260,CC(=O)NC(CC1=CN=CN1)C(=O)O,,
273261,C(C(C(=O)O)NC(=O)CN)C(=O)O,,
273262,CC(C)CC(C(=O)NC(CC1=CC=C(C=C1)O)C(=O)O)N,,
273355,C1=CC=C(C=C1)C(=O)NC(CCCN=C(N)N)C(=O)O,,
273362,C1=CC=C(C=C1)CC(C(=O)O)NC(=O)C2=CC=CC=C2,,
273366,C1=CC=C(C=C1)COC(=O)CC(C(=O)O)NC(=O)OCC2=CC=CC=C2,,
273534,C1=CC=C2C(=C1)C(=C(N2)O)C(=O)C(=O)O,,
274092,CC1=NSC(=C1)C(=O)O,,
274103,C1=CC(=CC(=C1)C(=O)O)C2=C3C=CC(=O)C=C3OC4=C2C=CC(=C4)O,,
274104,C1=CC2=C(C=C1O)OC3=C(C2C4=C(C(=C(C(=C4Br)Br)Br)Br)C(=O)O)C=CC(=C3)O,,
274107,C1CCC(C(C1)C2=C3C=CC(=O)C=C3OC4=C2C=CC(=C4)O)C(=O)O,,
274108,C1=CC2=C(C(=C1)C3=C4C=CC(=O)C(=C4OC5=C3C=CC(=C5O)O)O)C(=CC=C2)C(=O)O,,
274122,C1CCC(C(C1)C2=C3C=CC(=O)C(=C3OC4=C2C=CC(=C4O)O)O)C(=O)O,,
274125,CC1C2C=CC1C(C2C3=C4C=CC(=O)C(=C4OC5=C3C=CC(=C5O)O)O)C(=O)O,,
274127,C1=CC(=C(C2=C1C(=C3C=CC(=O)C(=C3O2)O)CCC(=O)O)O)O,,
274178,C(C(C(=O)O)N)C(=O)NC(CC(=O)O)C(=O)O,,
274180,CCOC(=O)C(CC(=O)O)N,,
274289,C1=CC=C(C(=C1)C(=O)NC2=CC=CC=C2C(F)(F)F)C(=O)O,,
274408,CC1=CNC=C1C(=O)O,,
274424,CN1CCC(C1=O)C(=O)C(=O)O,,
274428,C1CC(=O)CC1CC(=O)O,,
274462,CC1=C(CC(C1(C)C)S(=O)(=O)O)C(=O)O,,
274491,CC1(C(CCC1(C)C(=O)O)C(=O)OC)C,,
274547,C1=CC=C(C=C1)OCCOC2=CC=C(C=C2)C(=O)O,,
274593,C1=CC=C2C(=C1)C3=CC=CC=C3C2=NN=CC4=CC=C(C=C4)C(=O)O,,
274909,CC1=CC=C(C=C1)S(=O)(=O)NC(C)(C)C(=O)O,,
275007,CCOC(=O)C1=C(C(=C(N1)C(=O)O)C)C,,
275087,C1=CC=C2C(=C1)C(OC2=O)C(=O)O,,
275189,C1CN2CC3=CCOC(C4C3CC2C15C4NC6=CC=CC=C56)CC(=O)O,,
275372,C1=CC=C(C=C1)NC(=O)CCC(C(=O)O)N2C(=O)C3=CC=CC=C3C2=O,,
275437,C1=CC=C2C(=C1)NC(=N2)CSCC(=O)O,,
275508,C1=CC2=C(C(=C1)C3=C4C=CC(=O)C=C4OC5=C3C=CC(=C5)O)C(=CC=C2)C(=O)O,,
275509,C1=CC2=C(C=C1O)OC3=CC(=O)C=CC3=C2C4=C(C(=C(C(=C4Cl)Cl)Cl)Cl)C(=O)O,,
275510,C1=CC2=C(C=C1O)OC3=CC(=O)C=CC3=C2C4=C(C(=C(C(=C4Br)Br)Br)Br)C(=O)O,,
275548,C1=CC=C(C=C1)CNCC2=CC=C(C=C2)C(=O)O,,
275562,C1CC2(CC1CC2Br)C(=O)O,,
275774,CC1=C(C(=C(C=C1)C)N)C(=O)O,,
275785,C1CC1C2=NC3=CC=CC=C3C(=C2)C(=O)O,,
276278,C1=CC=C2C(=C1)C(=CC(=N2)C3=CC(=CC=C3)Cl)C(=O)O,,
276350,C12C3C4C1(C5C2C3(C45)C(=O)O)C(=O)O,,
276411,C1=CC2=C(C=C1[N+](=O)[O-])C(=O)C(=O)N2CC(=O)O,,
276660,CC1=CC(=CC(=O)N1)C(=O)O,,
276735,C(CNC(=O)C(F)(F)F)C(=O)O,,
276881,CC(=O)NC1=C(C=C(C=C1)[N+](=O)[O-])C(=O)O,,
276889,CC1=CC=C(C=C1)SCCCC(=O)O,,
277164,CC(C)(C(C(=O)O)N)SC(C1=CC=CC=C1)(C2=CC=CC=C2)C3=CC=CC=C3,,
277275,C1=CC=C2C(=C1)C(=O)C3=C(C2=O)C(=C(C=C3)S(=O)(=O)O)N=NC4=CC=CC(=C4O)C(=O)O,,
277285,C1=CC(=CC=C1O)SCC(=O)O,,
277664,CC1=CC(=CC=C1)C(C(=O)O)O,,
277674,C1=CC(=CC=C1C(=O)CC(=O)O)Cl,,
277786,C1=CC=C2C(=C1)C=CC=C2C(=O)CCC(=O)O,,
277794,CC(C)(C(C(=O)O)N)O,,
277833,CC1=CC(=C(C(=O)N1)C(=O)O)C(=O)O,,
277922,C1CCC(CC1)C2=CC(=CC=C2)C(=O)O,,
277927,CC1=CC=CC=C1CC(CC(=O)O)C(=O)O,,
277930,COC1=CC(=C(C=C1)N)C(=O)O,,
278037,C1=CC=C2C(=C1)C3=C(C=C(C=C3)NC(=O)C4=CC=CC=C4C5=CC=CC=C5C(=O)O)NC2=O,,
278291,C1OC2=C(O1)C=C(C(=C2)C(=O)O)Br,,
278387,CC(C)(C1=CC=C(C=C1)O)C2=CC(=C(C=C2)O)C(=O)O,,
278396,C1=CN=C(C=C1C(=O)O)N,,
278718,C1=CC=C2C(=C1)C3=C(C=CC(=C3)NC(=O)C4=CC=CC=C4C5=CC=CC=C5C(=O)O)OC2=O,,
278926,C1=CC2=C(C3=C1C(=O)C(=CN3)C(=O)O)C(=O)C(=CN2)C(=O)O,,
279062,CC(=O)O.C1=CN2C3C(C(C(O3)CO)O)OC2=NC1=N,,
279168,C1=CC(=C(C=C1[N+](=O)[O-])P(=O)(O)O)C(=O)O,,
279437,C1=CC(=CC=C1C(=O)NN)C(=O)O,,
279983,C1=CC(=CC=C1CCCC(=O)O)O,,
280001,C1=CC=C2C(=C1)C=C(NC2=O)C(=O)O,,
280169,C[Si](C)(C)C1=CC=C(C=C1)C(=O)O,,
280190,CCCC(=O)CCCC(=O)O,,
280492,CCN1C2=C(C=C(C=C2)NC(=O)C3=CC=CC=C3C4=CC=CC=C4C(=O)O)C5=CC=CC=C51,,
280707,C1=CC=C(C=C1)C(C(=O)O)NS(=O)(=O)C2=CC=CC=C2,,
280747,C1CN(CCC1C(=O)O)C(=O)CC2=CC=CC=C2,,
280997,C1=CC(=C(C=C1[N+](=O)[O-])C(=O)O)F,,
281331,CC1=CC=C(C=C1)OCCC(=O)O,,
281622,C(CNCC(=O)O)C(=O)O,,
281699,C1=CC=C2C(=C1)C(NC2=O)CC(=O)O,,
281704,CC1=C(C=CC(=N1)C(=O)O)OC,,
281894,C1CC2CC1C=C2C(=O)O,,
282064,C1CC1C2=CC=C(C=C2)C(=O)O,,
282065,C1CC1C2=CC(=CC=C2)C(=O)O,,
282399,C1CCC(CC1)N2CCC2C(=O)O,,
282450,CC1=C(C(=C(C=C1)C(=O)O)N)C,,
282591,C1=CC=C2C(=C1)C(=CC=C2Br)C(=O)O,,
282654,C1=CC=C(C(=C1)C(=O)C2=CC=CS2)C(=O)O,,
282989,CC1=C(C=CC(=C1)C(=O)O)Cl,,
283028,COC1=C(C=C2C=C(C=CC2=C1)C(=O)O)OC,,
283048,C1=CC(=CC(=C1)OCCO)C(=O)O,,
283473,C=CCNC1=CC=C(C=C1)C(=O)O,,
283475,CNC1=C(C=C(C=C1)C(=O)O)[N+](=O)[O-],,
283476,C1=CC=C2C(=C1)C=C(C(=N2)N)C(=O)O,,
283555,CNC1=CC=C(C=C1)C(=O)NC(CCC(=O)O)C(=O)O,,
283831,C1=CC2=C(C=CC(=C2N=C1)Cl)C(=O)O,,
283840,C1=CC(=CC(=C1)NC(=O)C(F)(F)F)C(=O)O,,
283841,CNC1=CC=CC(=C1)C(=O)O,,
284163,COC1=C(C=C(C=C1)[N+](=O)[O-])C(=O)O,,
284342,CS(=O)(=O)C1=CC=CC=C1C(=O)O,,
284624,C=C(C(=C)C(=O)O)C(=O)O,,
284727,C1OC2=C(O1)C=C(C=C2)CC(CC(=O)O)C(=O)O,,
284728,CC1=NC(=CS1)C(=O)O,,
285247,C1CC(CCC1C(=O)O)NC(=O)OCC2=CC=CC=C2,,
285310,C1=C(C=C(C=C1S(=O)(=O)F)S(=O)(=O)F)C(=O)O,,
285433,C1=C(C=NC(=C1Br)Cl)C(=O)O,,
285767,CCCCC1CC=CC=CC=CC=CC(CC2C(C(CC(O2)(CC(CC3C(O3)C=CC(=O)O1)O)O)O)C(=O)O)OC4C(C(C(C(O4)C)O)N)O,,
285963,COC1=CC(=C(C=C1)OC)C(=O)CCCC(=O)O,,
286125,CC12CC3CC(C1)CC(C3)(C2)C(=O)O,,
286365,CC1=CC=C(C=C1)S(=O)(=O)N(CCC(=O)O)C2=CC=CC=C2,,
286498,CC1CCC2(CCC3(C(=CCC4C3(CCC5C4(CC(C(C5(C)C(=O)O)O)O)C)C)C2C1(C)O)C)C(=O)O,,
287180,CCN1C=C(C(=O)C2=C1C=C(C=C2)C3=CC=NC=C3)C(=O)O,,
287249,C1=CC=C(C=C1)C(C(=O)O)C(F)(F)F,,
287263,C1=CC=C(C(=C1)C(=O)O)NC(=O)CCC(=O)O,,
287291,CC1=CC(=O)CC(C1(C=CC(=CC(=O)O)C)O)(C)C,,
287322,CCC(C1=CC=CC=C1)(C(=O)O)O,,
287442,C1=CC(=CN=C1)CO.C(C(C(=O)O)O)(C(=O)O)O,,
287583,COC1=CC=CC(=C1)CCCC(=O)O,,
287624,CC1=C(C=CC(=C1)OC)C(=O)CCC(=O)O,,
287934,C#CCOCCC(=O)O,,
288057,COC1=C(C=CC(=C1)C(=O)O)N,,
288085,CC1=CC(=C(C=C1)C)C(=O)C2=CC=CC=C2C(=O)O,,
288086,C1=CC(=O)N(C=C1)CCC(=O)O,,
288638,COC1=CC2=C(C=C1)OC(=C2)C(=O)O,,
288639,COC1=CC(=C(C=C1)OCC(=O)O)C=O,,
288657,COC1=CC(=C(C=C1)C(=O)O)[N+](=O)[O-],,
288877,CC(C)(C1=CC=C(C=C1)C2=CC=CC=C2)C(=O)O,,
288936,C1CN(C1C(=O)O)CC2=CC=CC=C2,,
289074,C1=CC(=CC=C1C(=O)O)NC(=O)C(F)(F)F,,
289352,C1=C(C=C(C(=C1[N+](=O)[O-])O)[N+](=O)[O-])CCC(=O)O,,
289391,CC(C)(C)CC(C)(C)C1=CC=C(C=C1)OCCOC2=CC=C(C=C2)C(=O)O,,
289393,C1=CC=C2C(=C1)C(=CC(=C2O)C(=O)O)Br,,
289410,CCCCCCCCCCCCCCOC1=CC=C(C=C1)C(=O)O,,
289454,CCCCCCCCCCCCOC1=CC=CC=C1C(=O)O,,
289464,C1=CC=C2C(=C1)C=C(C3=C2C=C(C=C3)Br)C(=O)O,,
289647,C1=NC(=C2C(=N1)N(C=N2)CC(C(=O)O)N)N,,
289763,C1=CC(=C(C=C1C(=O)CCC(=O)O)Cl)Cl,,
289818,CN(C)C.C(=O)O,,
289984,CC(=C)C1CCC2(C1C3CCC4C5(CCC(C(C5CCC4(C3(CC2)C)C)(C)C)OC(=O)C)C)C(=O)O,,
289985,CC(=C)C1CCC2(C1C3CCC4C5(CCC(=O)C(C5CCC4(C3(CC2)C)C)(C)C)C)C(=O)O,,
290006,CC(C)C1=CC23CCC4C(C2CC1OO3)(CCCC4(C)C(=O)O)C,,
290091,COC1=CC=CC(=C1)CC(=O)C(=O)O,,
290218,C1=CC=C(C=C1)C(=O)CSCC(=O)O,,
290301,C1=CC=C(C=C1)COCC(=O)O,,
290355,C1=CC=C2C(C=CC(C2=C1)C(=O)O)C(=O)O,,
290478,COC1=CC=C(C=C1)OCCC(=O)O,,
290498,C1=C(C=C(C(=C1N)C(=O)O)Cl)Cl,,
290697,COC(=O)C1=C(N=CC=C1)C(=O)O,,
290729,C1=CC=C(C(=C1)C(C(=O)O)N)Cl,,
290730,C1=CC(=CC(=C1)Cl)C(C(=O)O)N,,
290776,CC(C)(C)OC(=O)NC(CC(=O)N)C(=O)O,,
290988,COC1=C(C=C(C(=C1)C(=O)O)C(=O)O)OC,,
291456,CNC1=C(C=C(C=C1)C(=O)C2=CC=CC=C2C(=O)O)[N+](=O)[O-],,
291530,C1=CC2=NC=C(C(=O)N2C=C1)C(=O)O,,
291786,CSC1=NC=C(C(=N1)C(=O)O)Br,,
291865,C1=CC=C(C=C1)C2=C(SC(=N2)N)CC(=O)O,,
291873,C1=CC=C(C(=C1)CC(C#N)C(=O)O)Cl,,
291915,CC(CC(=O)O)C1=CC=C(C=C1)F,,
291985,CCOC1=CC=C(C=C1)CCC(=O)O,,
292050,CNC(=O)CCC(=O)O,,
292066,C1=CC(=CC=C1C(=O)O)OC2=CC=C(C=C2)[N+](=O)[O-],,
292311,CC1=C(OC=N1)C(=O)O,,
292540,C1=CC=C(C=C1)CCSCC(=O)O,,
292754,C1CC(CCC=C1)C(=O)O,,
292774,C1=CC=C(C(=C1)C2=C3C=CC(=O)C(=C3OC4=C2C=CC(=C4O)O)O)C(=O)O,,
292832,CCCCCCCCCCC(CCCCCC)C(=O)O,,
292916,C1=CC(=C(C(=C1)C(=O)O)N)C(=O)O,,
292952,CC1=C(C2=CC=CC=C2N=C1C)C(=O)O,,
292955,CC1=CC(=C(N1C2=CC=CC=C2)C)C(=O)O,,
292956,CC1=CC=C(N1C2=CC=CC=C2C(=O)O)C,,
292957,CC1=CC(=C(N1)C)C(=O)O,,
292958,CC1=CC=CC=C1N2C(=CC(=C2C)C(=O)O)C,,
293291,C1=CC(=C(C(=C1)O)[N+](=O)[O-])C(=O)O,,
293294,C1=CC=C(C=C1)C(=O)NC2=CC(=C(C=C2)O)C(=O)O,,
293822,CC1=CC=CC=C1OC(=O)NC2=CC(=C(C=C2)C(=O)O)O,,
294509,C1=CC=C(C=C1)CC(C(=O)NCC(=O)O)Br,,
294510,CC(C(=O)NCC(=O)O)Br,,
294515,C(C(C(=O)O)NC(=O)CCl)O,,
294533,CC1=CC(=C(C=C1)C(=O)CCC(=O)O)C,,
294564,C1=CC=C(C=C1)CC(C(=O)O)NC(=O)CNC(=O)CN,,
294566,C1=CC=C2C(=C1)C=CC(=C2CC(=O)O)O,,
294575,C1=CC=C2C(=C1)C=CC=C2NC(=O)CCC(C(=O)O)N,,
294641,C1[C@H](ON=C1Cl)[C@@H](C(=O)O)N,,
294810,CC(CC(=O)O)NC1=CC(=C(C=C1)Cl)Cl,,
294849,CCCC(=CC(=O)O)CC,,
294860,CC(CCC(=O)O)(C1=CC(=C(C(=C1)Cl)O)Cl)C2=CC(=C(C(=C2)Cl)O)Cl,,
294887,CC(C)CC(C(=O)O)NC(=O)C1=CC=CC=C1,,
294890,C1CC(N(C1)C(=O)C2=CC=CC=C2)C(=O)O,,
294891,C1=CC=C(C=C1)C(=O)NC(CC2=CNC3=CC=CC=C32)C(=O)O,,
294894,CC(C)(C)OC(=O)NCCCC(=O)O,,
294895,CC(C)(C)OC(=O)NC(CSCC1=CC=CC=C1)C(=O)O,,
294907,CC(C)(C)OC(=O)NC(CO)C(=O)O,,
294936,CC(C)(C(=O)O)NC(=O)OCC1=CC=CC=C1,,
294983,C1CCC(C(C1)C(=O)NC2=CC=C(C=C2)Cl)C(=O)O,,
295107,CC1=C(C=C(C=C1)NC(=O)C2=CC=CC=C2C(=O)O)C,,
295108,CCC1=CC=C(C=C1)NC(=O)C2=CC=CC=C2C(=O)O,,
295150,C1=CC=C(C(=C1)C(=O)NC2=CC=CC=C2F)C(=O)O,,
295154,CC1=C(C=C(C=C1)NC(=O)C2=CC=CC=C2C(=O)O)Cl,,
295155,CC1=C(C=CC=C1Cl)NC(=O)C2=CC=CC=C2C(=O)O,,
295480,CSCCC(C(=O)O)NC(=O)C1=CC=CC=C1,,
295483,CC(C)(C)OC(=O)NC(CCC(=O)OCC1=CC=CC=C1)C(=O)O,,
295606,CCCCCC(CC(=O)O)N,,
295900,C1=NNC(=N1)C(=O)O,,
295961,CCC(C)C(C1=CC=CC=C1)C(=O)O,,
295972,CCOC(=O)C(C)C(=O)O,,
295979,C1=CC(=CC(=C1)NC(=O)N)C(=O)O,,
296010,CC1=C(C=C(C(=N1)C)C(=O)O)C(=O)O,,
296013,CC1=C(C=C(C=C1)CC(=O)O)C,,
296037,CCCC(C1=CC=CC=C1C)C(=O)O,,
296057,C1=CC(=CC=C1OCC(=O)O)S(=O)(=O)NN,,
296099,CC1=CC=C(C=C1)S(=O)(=O)N2CC(CC2C(=O)O)O,,
296106,C1=CC=C(C(=C1)CCl)C(=O)O,,
296191,CC1CCC2(CCC3(C(=CCC4C3(CCC5C4(CC(C(C5(C)CO)O)O)C)C)C2C1C)C)C(=O)O,,
296288,C1=CC(=CC=C1C(=O)O)OC(C(F)Cl)(F)F,,
296717,CC(C)(C)N1CCC1C(=O)O,,
296850,COC(=O)C1CCC(CC1)C(=O)O,,
296866,C1=CC=C(C=C1)CCCC(C(=O)O)N,,
296913,C1CC2C(CC1C2C(=O)O)O,,
296927,C1C2CC3C1C3(C2)C(=O)O,,
297209,C1C=CC(C(=C1)C(=O)O)C(=O)O,,
297238,CCC(CC=C)C(=O)O,,
297250,CCC(CC(=O)O)(C1=CC=CC=C1)O,,
297427,CC(C1=CC=CC=C1)N2C=NC=C2C(=O)O,,
297453,C1CCC(=CC(=O)O)C1,,
297543,C1(=C(C(=C(C(=C1F)F)S)F)F)C(=O)O,,
297549,C1=C(C(=C(C(=C1F)F)F)F)C(=O)O,,
297552,C1(=C(C(=C(C(=C1F)F)F)C(=O)O)F)C(=O)O,,
297621,C1=CN(C=C1)CCC(=O)O,,
297706,CCCCCCCCCC1CCC(CC1)C(=O)O,,
297812,C1=CC(=C(C=C1C(CN)O)O)O.C(C(C(=O)O)O)(C(=O)O)O,,
297875,C1=CC=C(C=C1)COC(=O)CCC(C(=O)O)NC(=O)OCC2=CC=CC=C2,,
297964,COC1=C(C=CC(=C1)CC(=O)O)OCC2=CC=CC=C2,,
298107,CN(C)CCOC1=CC=CC=C1CC2=CC=CC=C2.C(C(=O)O)C(CC(=O)O)(C(=O)O)O,,
